publication_id,doi_suffix,doi_full,doi_url
986,0e1c0748fe24,10.54294/0e1c0748fe24,https://doi.org/10.54294/0e1c0748fe24
693,eu8bcx,10.54294/eu8bcx,https://doi.org/10.54294/eu8bcx
159,3pq5o5,10.54294/3pq5o5,https://doi.org/10.54294/3pq5o5
195,2wj3ti,10.54294/2wj3ti,https://doi.org/10.54294/2wj3ti
763,ntxirp,10.54294/ntxirp,https://doi.org/10.54294/ntxirp
299,hcewok,10.54294/hcewok,https://doi.org/10.54294/hcewok
317,791z7t,10.54294/791z7t,https://doi.org/10.54294/791z7t
928,9oybn9,10.54294/9oybn9,https://doi.org/10.54294/9oybn9
687,ioplaa,10.54294/ioplaa,https://doi.org/10.54294/ioplaa
859,dp4mfp,10.54294/dp4mfp,https://doi.org/10.54294/dp4mfp
155,1qwjb9,10.54294/1qwjb9,https://doi.org/10.54294/1qwjb9
86,8ibolp,10.54294/8ibolp,https://doi.org/10.54294/8ibolp
672,vpdh2e,10.54294/vpdh2e,https://doi.org/10.54294/vpdh2e
18,2wypjk,10.54294/2wypjk,https://doi.org/10.54294/2wypjk
14,9nkczd,10.54294/9nkczd,https://doi.org/10.54294/9nkczd
940,d06w3g,10.54294/d06w3g,https://doi.org/10.54294/d06w3g
552,ushjlo,10.54294/ushjlo,https://doi.org/10.54294/ushjlo
754,cphqkl,10.54294/cphqkl,https://doi.org/10.54294/cphqkl
881,o9yvms,10.54294/o9yvms,https://doi.org/10.54294/o9yvms
816,69tb41,10.54294/69tb41,https://doi.org/10.54294/69tb41
201,prgkgr,10.54294/prgkgr,https://doi.org/10.54294/prgkgr
202,8ga88z,10.54294/8ga88z,https://doi.org/10.54294/8ga88z
621,qzx68f,10.54294/qzx68f,https://doi.org/10.54294/qzx68f
9,js1uav,10.54294/js1uav,https://doi.org/10.54294/js1uav
10,c8kelc,10.54294/c8kelc,https://doi.org/10.54294/c8kelc
11,n42znr,10.54294/n42znr,https://doi.org/10.54294/n42znr
12,4krjb7,10.54294/4krjb7,https://doi.org/10.54294/4krjb7
13,wlz4on,10.54294/wlz4on,https://doi.org/10.54294/wlz4on
15,13sgje,10.54294/13sgje,https://doi.org/10.54294/13sgje
16,59eh7y,10.54294/59eh7y,https://doi.org/10.54294/59eh7y
17,q9va9k,10.54294/q9va9k,https://doi.org/10.54294/q9va9k
19,abscne,10.54294/abscne,https://doi.org/10.54294/abscne
20,l83fqa,10.54294/l83fqa,https://doi.org/10.54294/l83fqa
21,bz4yb3,10.54294/bz4yb3,https://doi.org/10.54294/bz4yb3
22,vahl5h,10.54294/vahl5h,https://doi.org/10.54294/vahl5h
23,a4n8al,10.54294/a4n8al,https://doi.org/10.54294/a4n8al
24,nohev6,10.54294/nohev6,https://doi.org/10.54294/nohev6
25,irh7mi,10.54294/irh7mi,https://doi.org/10.54294/irh7mi
26,wcaorj,10.54294/wcaorj,https://doi.org/10.54294/wcaorj
27,iyhy7d,10.54294/iyhy7d,https://doi.org/10.54294/iyhy7d
28,o2fii0,10.54294/o2fii0,https://doi.org/10.54294/o2fii0
29,yaqphu,10.54294/yaqphu,https://doi.org/10.54294/yaqphu
30,vb5z20,10.54294/vb5z20,https://doi.org/10.54294/vb5z20
31,fgfrtv,10.54294/fgfrtv,https://doi.org/10.54294/fgfrtv
32,nlgr70,10.54294/nlgr70,https://doi.org/10.54294/nlgr70
33,7gissf,10.54294/7gissf,https://doi.org/10.54294/7gissf
34,chtmqc,10.54294/chtmqc,https://doi.org/10.54294/chtmqc
35,x9118y,10.54294/x9118y,https://doi.org/10.54294/x9118y
36,daj8lk,10.54294/daj8lk,https://doi.org/10.54294/daj8lk
37,jd5eba,10.54294/jd5eba,https://doi.org/10.54294/jd5eba
38,518ywu,10.54294/518ywu,https://doi.org/10.54294/518ywu
39,n2m2ru,10.54294/n2m2ru,https://doi.org/10.54294/n2m2ru
40,h1vbsl,10.54294/h1vbsl,https://doi.org/10.54294/h1vbsl
41,xedxph,10.54294/xedxph,https://doi.org/10.54294/xedxph
42,dvbhms,10.54294/dvbhms,https://doi.org/10.54294/dvbhms
43,f4pczq,10.54294/f4pczq,https://doi.org/10.54294/f4pczq
44,ffe8x0,10.54294/ffe8x0,https://doi.org/10.54294/ffe8x0
45,o48iej,10.54294/o48iej,https://doi.org/10.54294/o48iej
46,8e2pqh,10.54294/8e2pqh,https://doi.org/10.54294/8e2pqh
54,8g4oic,10.54294/8g4oic,https://doi.org/10.54294/8g4oic
55,uc65e3,10.54294/uc65e3,https://doi.org/10.54294/uc65e3
56,5yy1ob,10.54294/5yy1ob,https://doi.org/10.54294/5yy1ob
57,0d55to,10.54294/0d55to,https://doi.org/10.54294/0d55to
142,3ep1sw,10.54294/3ep1sw,https://doi.org/10.54294/3ep1sw
952,ndjv6l,10.54294/ndjv6l,https://doi.org/10.54294/ndjv6l
951,bssu14,10.54294/bssu14,https://doi.org/10.54294/bssu14
64,jv2335,10.54294/jv2335,https://doi.org/10.54294/jv2335
61,8xnavz,10.54294/8xnavz,https://doi.org/10.54294/8xnavz
77,it2rj6,10.54294/it2rj6,https://doi.org/10.54294/it2rj6
58,bcwtvq,10.54294/bcwtvq,https://doi.org/10.54294/bcwtvq
59,eo7qxw,10.54294/eo7qxw,https://doi.org/10.54294/eo7qxw
60,03qcs5,10.54294/03qcs5,https://doi.org/10.54294/03qcs5
62,mieuqw,10.54294/mieuqw,https://doi.org/10.54294/mieuqw
63,nl36bn,10.54294/nl36bn,https://doi.org/10.54294/nl36bn
65,hva3gz,10.54294/hva3gz,https://doi.org/10.54294/hva3gz
66,0g2b7o,10.54294/0g2b7o,https://doi.org/10.54294/0g2b7o
67,rh215g,10.54294/rh215g,https://doi.org/10.54294/rh215g
68,kawnxk,10.54294/kawnxk,https://doi.org/10.54294/kawnxk
69,ta90ri,10.54294/ta90ri,https://doi.org/10.54294/ta90ri
70,ufyfho,10.54294/ufyfho,https://doi.org/10.54294/ufyfho
71,0pjyho,10.54294/0pjyho,https://doi.org/10.54294/0pjyho
72,olkmog,10.54294/olkmog,https://doi.org/10.54294/olkmog
73,rl05ds,10.54294/rl05ds,https://doi.org/10.54294/rl05ds
74,yel10l,10.54294/yel10l,https://doi.org/10.54294/yel10l
75,m0bsda,10.54294/m0bsda,https://doi.org/10.54294/m0bsda
76,mxfpep,10.54294/mxfpep,https://doi.org/10.54294/mxfpep
78,gqeva3,10.54294/gqeva3,https://doi.org/10.54294/gqeva3
79,xr1bvx,10.54294/xr1bvx,https://doi.org/10.54294/xr1bvx
80,m8ll16,10.54294/m8ll16,https://doi.org/10.54294/m8ll16
81,f5yw4o,10.54294/f5yw4o,https://doi.org/10.54294/f5yw4o
83,ylm7zt,10.54294/ylm7zt,https://doi.org/10.54294/ylm7zt
84,msfch9,10.54294/msfch9,https://doi.org/10.54294/msfch9
85,a5ca1x,10.54294/a5ca1x,https://doi.org/10.54294/a5ca1x
87,tycego,10.54294/tycego,https://doi.org/10.54294/tycego
88,j8lsa6,10.54294/j8lsa6,https://doi.org/10.54294/j8lsa6
90,c46wom,10.54294/c46wom,https://doi.org/10.54294/c46wom
91,yozmkm,10.54294/yozmkm,https://doi.org/10.54294/yozmkm
92,lf8u75,10.54294/lf8u75,https://doi.org/10.54294/lf8u75
93,5j6xzj,10.54294/5j6xzj,https://doi.org/10.54294/5j6xzj
94,vyt8n2,10.54294/vyt8n2,https://doi.org/10.54294/vyt8n2
95,2g80r4,10.54294/2g80r4,https://doi.org/10.54294/2g80r4
96,f0fw56,10.54294/f0fw56,https://doi.org/10.54294/f0fw56
97,2ftlt1,10.54294/2ftlt1,https://doi.org/10.54294/2ftlt1
98,srk6i1,10.54294/srk6i1,https://doi.org/10.54294/srk6i1
99,j9mghr,10.54294/j9mghr,https://doi.org/10.54294/j9mghr
100,252vc9,10.54294/252vc9,https://doi.org/10.54294/252vc9
101,owxzil,10.54294/owxzil,https://doi.org/10.54294/owxzil
102,3595u9,10.54294/3595u9,https://doi.org/10.54294/3595u9
103,pl4ozs,10.54294/pl4ozs,https://doi.org/10.54294/pl4ozs
104,psjpt8,10.54294/psjpt8,https://doi.org/10.54294/psjpt8
105,fpuexj,10.54294/fpuexj,https://doi.org/10.54294/fpuexj
106,03yj5p,10.54294/03yj5p,https://doi.org/10.54294/03yj5p
107,czjh3p,10.54294/czjh3p,https://doi.org/10.54294/czjh3p
109,hzdcno,10.54294/hzdcno,https://doi.org/10.54294/hzdcno
110,xx69p3,10.54294/xx69p3,https://doi.org/10.54294/xx69p3
111,q3fj21,10.54294/q3fj21,https://doi.org/10.54294/q3fj21
112,msr7a5,10.54294/msr7a5,https://doi.org/10.54294/msr7a5
113,teagcs,10.54294/teagcs,https://doi.org/10.54294/teagcs
114,p6jzm7,10.54294/p6jzm7,https://doi.org/10.54294/p6jzm7
115,9g6bp3,10.54294/9g6bp3,https://doi.org/10.54294/9g6bp3
116,2mw8nl,10.54294/2mw8nl,https://doi.org/10.54294/2mw8nl
117,y7rwlw,10.54294/y7rwlw,https://doi.org/10.54294/y7rwlw
118,k9nj7c,10.54294/k9nj7c,https://doi.org/10.54294/k9nj7c
120,e6om89,10.54294/e6om89,https://doi.org/10.54294/e6om89
121,pu3y4t,10.54294/pu3y4t,https://doi.org/10.54294/pu3y4t
122,4mx7kk,10.54294/4mx7kk,https://doi.org/10.54294/4mx7kk
123,ogv879,10.54294/ogv879,https://doi.org/10.54294/ogv879
124,gv9xlb,10.54294/gv9xlb,https://doi.org/10.54294/gv9xlb
125,xd0lzg,10.54294/xd0lzg,https://doi.org/10.54294/xd0lzg
126,p4wsjr,10.54294/p4wsjr,https://doi.org/10.54294/p4wsjr
127,bhj47u,10.54294/bhj47u,https://doi.org/10.54294/bhj47u
128,h4j7t7,10.54294/h4j7t7,https://doi.org/10.54294/h4j7t7
129,55d6dh,10.54294/55d6dh,https://doi.org/10.54294/55d6dh
130,t8t3j2,10.54294/t8t3j2,https://doi.org/10.54294/t8t3j2
132,39qekn,10.54294/39qekn,https://doi.org/10.54294/39qekn
133,47329s,10.54294/47329s,https://doi.org/10.54294/47329s
134,7w23qz,10.54294/7w23qz,https://doi.org/10.54294/7w23qz
137,gf96ro,10.54294/gf96ro,https://doi.org/10.54294/gf96ro
138,qerh5x,10.54294/qerh5x,https://doi.org/10.54294/qerh5x
139,mamu6k,10.54294/mamu6k,https://doi.org/10.54294/mamu6k
140,ze1ssz,10.54294/ze1ssz,https://doi.org/10.54294/ze1ssz
141,3qn6ms,10.54294/3qn6ms,https://doi.org/10.54294/3qn6ms
143,9p3bnu,10.54294/9p3bnu,https://doi.org/10.54294/9p3bnu
144,fbuvse,10.54294/fbuvse,https://doi.org/10.54294/fbuvse
145,h6cvpf,10.54294/h6cvpf,https://doi.org/10.54294/h6cvpf
146,oah595,10.54294/oah595,https://doi.org/10.54294/oah595
147,9w1a7d,10.54294/9w1a7d,https://doi.org/10.54294/9w1a7d
148,imufln,10.54294/imufln,https://doi.org/10.54294/imufln
149,fipebt,10.54294/fipebt,https://doi.org/10.54294/fipebt
150,dhogdz,10.54294/dhogdz,https://doi.org/10.54294/dhogdz
151,qafaxz,10.54294/qafaxz,https://doi.org/10.54294/qafaxz
152,8dvdhq,10.54294/8dvdhq,https://doi.org/10.54294/8dvdhq
153,0ktzp5,10.54294/0ktzp5,https://doi.org/10.54294/0ktzp5
154,ux2obj,10.54294/ux2obj,https://doi.org/10.54294/ux2obj
156,1coj9z,10.54294/1coj9z,https://doi.org/10.54294/1coj9z
157,c3nv9t,10.54294/c3nv9t,https://doi.org/10.54294/c3nv9t
158,nvodei,10.54294/nvodei,https://doi.org/10.54294/nvodei
160,igq8fn,10.54294/igq8fn,https://doi.org/10.54294/igq8fn
161,pk16dm,10.54294/pk16dm,https://doi.org/10.54294/pk16dm
162,asehyx,10.54294/asehyx,https://doi.org/10.54294/asehyx
163,7bbkq8,10.54294/7bbkq8,https://doi.org/10.54294/7bbkq8
164,wh8hx1,10.54294/wh8hx1,https://doi.org/10.54294/wh8hx1
165,akkjqm,10.54294/akkjqm,https://doi.org/10.54294/akkjqm
166,9lhq05,10.54294/9lhq05,https://doi.org/10.54294/9lhq05
167,rvu9t1,10.54294/rvu9t1,https://doi.org/10.54294/rvu9t1
168,vjl9ud,10.54294/vjl9ud,https://doi.org/10.54294/vjl9ud
169,xwy6pj,10.54294/xwy6pj,https://doi.org/10.54294/xwy6pj
170,4k9ng9,10.54294/4k9ng9,https://doi.org/10.54294/4k9ng9
171,ovqsl0,10.54294/ovqsl0,https://doi.org/10.54294/ovqsl0
172,ar5oss,10.54294/ar5oss,https://doi.org/10.54294/ar5oss
173,gmbmol,10.54294/gmbmol,https://doi.org/10.54294/gmbmol
174,jn3bky,10.54294/jn3bky,https://doi.org/10.54294/jn3bky
175,urgadx,10.54294/urgadx,https://doi.org/10.54294/urgadx
176,q6auw4,10.54294/q6auw4,https://doi.org/10.54294/q6auw4
177,z83ly1,10.54294/z83ly1,https://doi.org/10.54294/z83ly1
178,w2jytv,10.54294/w2jytv,https://doi.org/10.54294/w2jytv
179,mrg5is,10.54294/mrg5is,https://doi.org/10.54294/mrg5is
180,hmb052,10.54294/hmb052,https://doi.org/10.54294/hmb052
181,xjdr5f,10.54294/xjdr5f,https://doi.org/10.54294/xjdr5f
182,nwartd,10.54294/nwartd,https://doi.org/10.54294/nwartd
183,qztmnt,10.54294/qztmnt,https://doi.org/10.54294/qztmnt
184,ala4hb,10.54294/ala4hb,https://doi.org/10.54294/ala4hb
186,kgv2iy,10.54294/kgv2iy,https://doi.org/10.54294/kgv2iy
187,rle11s,10.54294/rle11s,https://doi.org/10.54294/rle11s
188,averyg,10.54294/averyg,https://doi.org/10.54294/averyg
189,9t44qc,10.54294/9t44qc,https://doi.org/10.54294/9t44qc
190,q16phu,10.54294/q16phu,https://doi.org/10.54294/q16phu
191,oima75,10.54294/oima75,https://doi.org/10.54294/oima75
192,lm20vp,10.54294/lm20vp,https://doi.org/10.54294/lm20vp
193,fi9x4q,10.54294/fi9x4q,https://doi.org/10.54294/fi9x4q
194,q0xgnv,10.54294/q0xgnv,https://doi.org/10.54294/q0xgnv
196,82ynyc,10.54294/82ynyc,https://doi.org/10.54294/82ynyc
197,ozq9zl,10.54294/ozq9zl,https://doi.org/10.54294/ozq9zl
198,hq0ibk,10.54294/hq0ibk,https://doi.org/10.54294/hq0ibk
199,1essba,10.54294/1essba,https://doi.org/10.54294/1essba
200,gsspkw,10.54294/gsspkw,https://doi.org/10.54294/gsspkw
203,ifvjls,10.54294/ifvjls,https://doi.org/10.54294/ifvjls
204,iei8xt,10.54294/iei8xt,https://doi.org/10.54294/iei8xt
207,tiqso5,10.54294/tiqso5,https://doi.org/10.54294/tiqso5
208,e292kx,10.54294/e292kx,https://doi.org/10.54294/e292kx
209,jlx9vt,10.54294/jlx9vt,https://doi.org/10.54294/jlx9vt
210,3alqah,10.54294/3alqah,https://doi.org/10.54294/3alqah
211,xb05gs,10.54294/xb05gs,https://doi.org/10.54294/xb05gs
213,z5zwhh,10.54294/z5zwhh,https://doi.org/10.54294/z5zwhh
216,hbkcuw,10.54294/hbkcuw,https://doi.org/10.54294/hbkcuw
217,c7d3gv,10.54294/c7d3gv,https://doi.org/10.54294/c7d3gv
218,y57wd7,10.54294/y57wd7,https://doi.org/10.54294/y57wd7
228,aq68pt,10.54294/aq68pt,https://doi.org/10.54294/aq68pt
230,5482d0,10.54294/5482d0,https://doi.org/10.54294/5482d0
231,ex0itu,10.54294/ex0itu,https://doi.org/10.54294/ex0itu
237,o8w4c0,10.54294/o8w4c0,https://doi.org/10.54294/o8w4c0
240,4ids6q,10.54294/4ids6q,https://doi.org/10.54294/4ids6q
242,xm06jf,10.54294/xm06jf,https://doi.org/10.54294/xm06jf
244,wdcjfh,10.54294/wdcjfh,https://doi.org/10.54294/wdcjfh
247,ovpc1w,10.54294/ovpc1w,https://doi.org/10.54294/ovpc1w
249,2u6oe5,10.54294/2u6oe5,https://doi.org/10.54294/2u6oe5
272,7cgpj0,10.54294/7cgpj0,https://doi.org/10.54294/7cgpj0
285,tmojbk,10.54294/tmojbk,https://doi.org/10.54294/tmojbk
296,ov202k,10.54294/ov202k,https://doi.org/10.54294/ov202k
298,gdz34e,10.54294/gdz34e,https://doi.org/10.54294/gdz34e
301,saa3nn,10.54294/saa3nn,https://doi.org/10.54294/saa3nn
302,towi2b,10.54294/towi2b,https://doi.org/10.54294/towi2b
303,fjob6e,10.54294/fjob6e,https://doi.org/10.54294/fjob6e
304,qw6pt8,10.54294/qw6pt8,https://doi.org/10.54294/qw6pt8
305,fxwbb8,10.54294/fxwbb8,https://doi.org/10.54294/fxwbb8
306,ypz65j,10.54294/ypz65j,https://doi.org/10.54294/ypz65j
307,2uwcs2,10.54294/2uwcs2,https://doi.org/10.54294/2uwcs2
308,mxk35j,10.54294/mxk35j,https://doi.org/10.54294/mxk35j
309,b7xj5x,10.54294/b7xj5x,https://doi.org/10.54294/b7xj5x
310,28zfcb,10.54294/28zfcb,https://doi.org/10.54294/28zfcb
311,gn38mr,10.54294/gn38mr,https://doi.org/10.54294/gn38mr
312,ib7or9,10.54294/ib7or9,https://doi.org/10.54294/ib7or9
313,n70rhc,10.54294/n70rhc,https://doi.org/10.54294/n70rhc
314,8i8hv0,10.54294/8i8hv0,https://doi.org/10.54294/8i8hv0
315,e833og,10.54294/e833og,https://doi.org/10.54294/e833og
316,yxytcv,10.54294/yxytcv,https://doi.org/10.54294/yxytcv
318,ne109t,10.54294/ne109t,https://doi.org/10.54294/ne109t
319,gd9piz,10.54294/gd9piz,https://doi.org/10.54294/gd9piz
320,kmysv2,10.54294/kmysv2,https://doi.org/10.54294/kmysv2
321,8est51,10.54294/8est51,https://doi.org/10.54294/8est51
322,8jk6oy,10.54294/8jk6oy,https://doi.org/10.54294/8jk6oy
323,23ugmy,10.54294/23ugmy,https://doi.org/10.54294/23ugmy
324,ogeyv2,10.54294/ogeyv2,https://doi.org/10.54294/ogeyv2
543,zeon0j,10.54294/zeon0j,https://doi.org/10.54294/zeon0j
549,uiiz4t,10.54294/uiiz4t,https://doi.org/10.54294/uiiz4t
550,4s7hmb,10.54294/4s7hmb,https://doi.org/10.54294/4s7hmb
551,vg46tm,10.54294/vg46tm,https://doi.org/10.54294/vg46tm
553,de1qkd,10.54294/de1qkd,https://doi.org/10.54294/de1qkd
554,txt4uu,10.54294/txt4uu,https://doi.org/10.54294/txt4uu
555,fiutzm,10.54294/fiutzm,https://doi.org/10.54294/fiutzm
556,mxz1mr,10.54294/mxz1mr,https://doi.org/10.54294/mxz1mr
558,0q3h1h,10.54294/0q3h1h,https://doi.org/10.54294/0q3h1h
561,9x1rzs,10.54294/9x1rzs,https://doi.org/10.54294/9x1rzs
563,ksn7pi,10.54294/ksn7pi,https://doi.org/10.54294/ksn7pi
564,blsb42,10.54294/blsb42,https://doi.org/10.54294/blsb42
565,qcf9rq,10.54294/qcf9rq,https://doi.org/10.54294/qcf9rq
567,qmklsw,10.54294/qmklsw,https://doi.org/10.54294/qmklsw
568,gwj5dt,10.54294/gwj5dt,https://doi.org/10.54294/gwj5dt
572,g9slax,10.54294/g9slax,https://doi.org/10.54294/g9slax
574,65tyev,10.54294/65tyev,https://doi.org/10.54294/65tyev
575,22gxtf,10.54294/22gxtf,https://doi.org/10.54294/22gxtf
577,4aubpc,10.54294/4aubpc,https://doi.org/10.54294/4aubpc
579,zf8wp1,10.54294/zf8wp1,https://doi.org/10.54294/zf8wp1
580,80hw6q,10.54294/80hw6q,https://doi.org/10.54294/80hw6q
581,dxbugc,10.54294/dxbugc,https://doi.org/10.54294/dxbugc
582,pt3u6s,10.54294/pt3u6s,https://doi.org/10.54294/pt3u6s
583,d9b5ep,10.54294/d9b5ep,https://doi.org/10.54294/d9b5ep
584,msg94u,10.54294/msg94u,https://doi.org/10.54294/msg94u
585,l78zbl,10.54294/l78zbl,https://doi.org/10.54294/l78zbl
586,ho46kx,10.54294/ho46kx,https://doi.org/10.54294/ho46kx
588,25etax,10.54294/25etax,https://doi.org/10.54294/25etax
589,xd06v0,10.54294/xd06v0,https://doi.org/10.54294/xd06v0
590,rfkjix,10.54294/rfkjix,https://doi.org/10.54294/rfkjix
591,rofibw,10.54294/rofibw,https://doi.org/10.54294/rofibw
592,euk5y1,10.54294/euk5y1,https://doi.org/10.54294/euk5y1
593,b6ilok,10.54294/b6ilok,https://doi.org/10.54294/b6ilok
594,lkkif6,10.54294/lkkif6,https://doi.org/10.54294/lkkif6
595,5a8e0f,10.54294/5a8e0f,https://doi.org/10.54294/5a8e0f
596,1uhwld,10.54294/1uhwld,https://doi.org/10.54294/1uhwld
597,1h2wu4,10.54294/1h2wu4,https://doi.org/10.54294/1h2wu4
598,5clvrb,10.54294/5clvrb,https://doi.org/10.54294/5clvrb
599,wrtw01,10.54294/wrtw01,https://doi.org/10.54294/wrtw01
600,nb6onk,10.54294/nb6onk,https://doi.org/10.54294/nb6onk
603,lwmcho,10.54294/lwmcho,https://doi.org/10.54294/lwmcho
604,nbrfiw,10.54294/nbrfiw,https://doi.org/10.54294/nbrfiw
605,i1vy9q,10.54294/i1vy9q,https://doi.org/10.54294/i1vy9q
606,1pbpd4,10.54294/1pbpd4,https://doi.org/10.54294/1pbpd4
607,khebj7,10.54294/khebj7,https://doi.org/10.54294/khebj7
609,sljnc2,10.54294/sljnc2,https://doi.org/10.54294/sljnc2
610,ksvxf6,10.54294/ksvxf6,https://doi.org/10.54294/ksvxf6
611,0ypjxr,10.54294/0ypjxr,https://doi.org/10.54294/0ypjxr
612,os009b,10.54294/os009b,https://doi.org/10.54294/os009b
613,6eyg0w,10.54294/6eyg0w,https://doi.org/10.54294/6eyg0w
615,5zn9oc,10.54294/5zn9oc,https://doi.org/10.54294/5zn9oc
616,mfk4eq,10.54294/mfk4eq,https://doi.org/10.54294/mfk4eq
617,hfoogp,10.54294/hfoogp,https://doi.org/10.54294/hfoogp
618,styffx,10.54294/styffx,https://doi.org/10.54294/styffx
619,cbngt2,10.54294/cbngt2,https://doi.org/10.54294/cbngt2
620,zrtccj,10.54294/zrtccj,https://doi.org/10.54294/zrtccj
622,om9m8e,10.54294/om9m8e,https://doi.org/10.54294/om9m8e
623,i0wcn1,10.54294/i0wcn1,https://doi.org/10.54294/i0wcn1
624,faegg8,10.54294/faegg8,https://doi.org/10.54294/faegg8
626,5ssplg,10.54294/5ssplg,https://doi.org/10.54294/5ssplg
629,vwbrwa,10.54294/vwbrwa,https://doi.org/10.54294/vwbrwa
631,lp2zfg,10.54294/lp2zfg,https://doi.org/10.54294/lp2zfg
632,97ytui,10.54294/97ytui,https://doi.org/10.54294/97ytui
633,7kibc5,10.54294/7kibc5,https://doi.org/10.54294/7kibc5
634,qo3app,10.54294/qo3app,https://doi.org/10.54294/qo3app
635,eoxxuh,10.54294/eoxxuh,https://doi.org/10.54294/eoxxuh
636,71u60v,10.54294/71u60v,https://doi.org/10.54294/71u60v
637,nszts0,10.54294/nszts0,https://doi.org/10.54294/nszts0
638,lmkqvm,10.54294/lmkqvm,https://doi.org/10.54294/lmkqvm
639,xd06us,10.54294/xd06us,https://doi.org/10.54294/xd06us
640,jculxw,10.54294/jculxw,https://doi.org/10.54294/jculxw
641,2bq566,10.54294/2bq566,https://doi.org/10.54294/2bq566
642,wvwmf8,10.54294/wvwmf8,https://doi.org/10.54294/wvwmf8
643,3kjewh,10.54294/3kjewh,https://doi.org/10.54294/3kjewh
644,8vm9t2,10.54294/8vm9t2,https://doi.org/10.54294/8vm9t2
645,9c62eg,10.54294/9c62eg,https://doi.org/10.54294/9c62eg
646,u5l25a,10.54294/u5l25a,https://doi.org/10.54294/u5l25a
647,ilu6k9,10.54294/ilu6k9,https://doi.org/10.54294/ilu6k9
648,pggtfv,10.54294/pggtfv,https://doi.org/10.54294/pggtfv
649,6nm8y4,10.54294/6nm8y4,https://doi.org/10.54294/6nm8y4
650,9cjzxq,10.54294/9cjzxq,https://doi.org/10.54294/9cjzxq
651,pq6gf6,10.54294/pq6gf6,https://doi.org/10.54294/pq6gf6
652,uoi6rw,10.54294/uoi6rw,https://doi.org/10.54294/uoi6rw
653,xn9yxu,10.54294/xn9yxu,https://doi.org/10.54294/xn9yxu
654,tv36vi,10.54294/tv36vi,https://doi.org/10.54294/tv36vi
655,sepo1s,10.54294/sepo1s,https://doi.org/10.54294/sepo1s
656,3lsk2o,10.54294/3lsk2o,https://doi.org/10.54294/3lsk2o
657,e3nqcw,10.54294/e3nqcw,https://doi.org/10.54294/e3nqcw
658,g80ruo,10.54294/g80ruo,https://doi.org/10.54294/g80ruo
659,hvi9fw,10.54294/hvi9fw,https://doi.org/10.54294/hvi9fw
660,vuva65,10.54294/vuva65,https://doi.org/10.54294/vuva65
661,mtnmn6,10.54294/mtnmn6,https://doi.org/10.54294/mtnmn6
662,qbuybk,10.54294/qbuybk,https://doi.org/10.54294/qbuybk
663,8yldrq,10.54294/8yldrq,https://doi.org/10.54294/8yldrq
664,qave75,10.54294/qave75,https://doi.org/10.54294/qave75
665,6mmv98,10.54294/6mmv98,https://doi.org/10.54294/6mmv98
666,t2bzlq,10.54294/t2bzlq,https://doi.org/10.54294/t2bzlq
667,gh21k3,10.54294/gh21k3,https://doi.org/10.54294/gh21k3
668,5b3isy,10.54294/5b3isy,https://doi.org/10.54294/5b3isy
669,di0ml0,10.54294/di0ml0,https://doi.org/10.54294/di0ml0
670,q8zi79,10.54294/q8zi79,https://doi.org/10.54294/q8zi79
671,a8kq1a,10.54294/a8kq1a,https://doi.org/10.54294/a8kq1a
673,qikz4q,10.54294/qikz4q,https://doi.org/10.54294/qikz4q
675,2nwedz,10.54294/2nwedz,https://doi.org/10.54294/2nwedz
676,dgwmz8,10.54294/dgwmz8,https://doi.org/10.54294/dgwmz8
677,2wgozl,10.54294/2wgozl,https://doi.org/10.54294/2wgozl
678,ub0ptg,10.54294/ub0ptg,https://doi.org/10.54294/ub0ptg
679,0bte1f,10.54294/0bte1f,https://doi.org/10.54294/0bte1f
680,3o69og,10.54294/3o69og,https://doi.org/10.54294/3o69og
681,uvnhin,10.54294/uvnhin,https://doi.org/10.54294/uvnhin
682,mfus93,10.54294/mfus93,https://doi.org/10.54294/mfus93
683,xvoael,10.54294/xvoael,https://doi.org/10.54294/xvoael
684,aidt6e,10.54294/aidt6e,https://doi.org/10.54294/aidt6e
685,5oitxb,10.54294/5oitxb,https://doi.org/10.54294/5oitxb
686,529oca,10.54294/529oca,https://doi.org/10.54294/529oca
688,4inpwv,10.54294/4inpwv,https://doi.org/10.54294/4inpwv
689,7flhpy,10.54294/7flhpy,https://doi.org/10.54294/7flhpy
690,ycybil,10.54294/ycybil,https://doi.org/10.54294/ycybil
691,nqg9ig,10.54294/nqg9ig,https://doi.org/10.54294/nqg9ig
692,noo5vc,10.54294/noo5vc,https://doi.org/10.54294/noo5vc
694,lqfift,10.54294/lqfift,https://doi.org/10.54294/lqfift
695,f3qe02,10.54294/f3qe02,https://doi.org/10.54294/f3qe02
696,jwo14l,10.54294/jwo14l,https://doi.org/10.54294/jwo14l
697,fl5463,10.54294/fl5463,https://doi.org/10.54294/fl5463
698,1jkcn3,10.54294/1jkcn3,https://doi.org/10.54294/1jkcn3
699,dd9aju,10.54294/dd9aju,https://doi.org/10.54294/dd9aju
700,uemvru,10.54294/uemvru,https://doi.org/10.54294/uemvru
701,nss5oj,10.54294/nss5oj,https://doi.org/10.54294/nss5oj
702,4vjovf,10.54294/4vjovf,https://doi.org/10.54294/4vjovf
703,263mqy,10.54294/263mqy,https://doi.org/10.54294/263mqy
704,xfzve8,10.54294/xfzve8,https://doi.org/10.54294/xfzve8
705,n8k79e,10.54294/n8k79e,https://doi.org/10.54294/n8k79e
706,ttdjo3,10.54294/ttdjo3,https://doi.org/10.54294/ttdjo3
707,1vixgg,10.54294/1vixgg,https://doi.org/10.54294/1vixgg
708,vesrzn,10.54294/vesrzn,https://doi.org/10.54294/vesrzn
709,xxv05c,10.54294/xxv05c,https://doi.org/10.54294/xxv05c
710,z1w0uu,10.54294/z1w0uu,https://doi.org/10.54294/z1w0uu
711,cwiy2d,10.54294/cwiy2d,https://doi.org/10.54294/cwiy2d
712,s5clvu,10.54294/s5clvu,https://doi.org/10.54294/s5clvu
713,mbk9ms,10.54294/mbk9ms,https://doi.org/10.54294/mbk9ms
714,8o16uw,10.54294/8o16uw,https://doi.org/10.54294/8o16uw
715,9hmips,10.54294/9hmips,https://doi.org/10.54294/9hmips
716,22aqc7,10.54294/22aqc7,https://doi.org/10.54294/22aqc7
717,0iky0u,10.54294/0iky0u,https://doi.org/10.54294/0iky0u
718,hyamzv,10.54294/hyamzv,https://doi.org/10.54294/hyamzv
719,n5g7gb,10.54294/n5g7gb,https://doi.org/10.54294/n5g7gb
720,9crlic,10.54294/9crlic,https://doi.org/10.54294/9crlic
721,vh6vbw,10.54294/vh6vbw,https://doi.org/10.54294/vh6vbw
722,yjowe4,10.54294/yjowe4,https://doi.org/10.54294/yjowe4
723,1xmz73,10.54294/1xmz73,https://doi.org/10.54294/1xmz73
724,1pxcnu,10.54294/1pxcnu,https://doi.org/10.54294/1pxcnu
725,ot40r3,10.54294/ot40r3,https://doi.org/10.54294/ot40r3
726,1o4pvv,10.54294/1o4pvv,https://doi.org/10.54294/1o4pvv
727,bm3k71,10.54294/bm3k71,https://doi.org/10.54294/bm3k71
728,8rxx7e,10.54294/8rxx7e,https://doi.org/10.54294/8rxx7e
729,ufs19w,10.54294/ufs19w,https://doi.org/10.54294/ufs19w
730,ynkax2,10.54294/ynkax2,https://doi.org/10.54294/ynkax2
734,pr2z99,10.54294/pr2z99,https://doi.org/10.54294/pr2z99
735,hyp1xi,10.54294/hyp1xi,https://doi.org/10.54294/hyp1xi
736,hjwfpb,10.54294/hjwfpb,https://doi.org/10.54294/hjwfpb
737,prb8yw,10.54294/prb8yw,https://doi.org/10.54294/prb8yw
738,ugkbew,10.54294/ugkbew,https://doi.org/10.54294/ugkbew
739,oackph,10.54294/oackph,https://doi.org/10.54294/oackph
740,df9mgw,10.54294/df9mgw,https://doi.org/10.54294/df9mgw
741,bo53br,10.54294/bo53br,https://doi.org/10.54294/bo53br
742,brogba,10.54294/brogba,https://doi.org/10.54294/brogba
743,soy2wu,10.54294/soy2wu,https://doi.org/10.54294/soy2wu
744,efac8i,10.54294/efac8i,https://doi.org/10.54294/efac8i
745,e195tu,10.54294/e195tu,https://doi.org/10.54294/e195tu
746,hundvi,10.54294/hundvi,https://doi.org/10.54294/hundvi
747,11zco1,10.54294/11zco1,https://doi.org/10.54294/11zco1
748,fa7n1p,10.54294/fa7n1p,https://doi.org/10.54294/fa7n1p
749,9e7y1p,10.54294/9e7y1p,https://doi.org/10.54294/9e7y1p
750,we4kpm,10.54294/we4kpm,https://doi.org/10.54294/we4kpm
751,q8y4kh,10.54294/q8y4kh,https://doi.org/10.54294/q8y4kh
752,fygl4u,10.54294/fygl4u,https://doi.org/10.54294/fygl4u
753,tvgfv1,10.54294/tvgfv1,https://doi.org/10.54294/tvgfv1
755,kcd92t,10.54294/kcd92t,https://doi.org/10.54294/kcd92t
756,t5q4cl,10.54294/t5q4cl,https://doi.org/10.54294/t5q4cl
757,d9fe89,10.54294/d9fe89,https://doi.org/10.54294/d9fe89
758,ix17bt,10.54294/ix17bt,https://doi.org/10.54294/ix17bt
759,1k2srl,10.54294/1k2srl,https://doi.org/10.54294/1k2srl
760,1rwji4,10.54294/1rwji4,https://doi.org/10.54294/1rwji4
761,mu3c43,10.54294/mu3c43,https://doi.org/10.54294/mu3c43
762,6ukpdb,10.54294/6ukpdb,https://doi.org/10.54294/6ukpdb
764,7bon9f,10.54294/7bon9f,https://doi.org/10.54294/7bon9f
765,pgbh5i,10.54294/pgbh5i,https://doi.org/10.54294/pgbh5i
766,uv0hu9,10.54294/uv0hu9,https://doi.org/10.54294/uv0hu9
767,qgpvvz,10.54294/qgpvvz,https://doi.org/10.54294/qgpvvz
768,93ee74,10.54294/93ee74,https://doi.org/10.54294/93ee74
769,ia6mzx,10.54294/ia6mzx,https://doi.org/10.54294/ia6mzx
770,kmf25s,10.54294/kmf25s,https://doi.org/10.54294/kmf25s
771,3sz8dg,10.54294/3sz8dg,https://doi.org/10.54294/3sz8dg
772,4vuezh,10.54294/4vuezh,https://doi.org/10.54294/4vuezh
773,ojfaay,10.54294/ojfaay,https://doi.org/10.54294/ojfaay
774,4c92vb,10.54294/4c92vb,https://doi.org/10.54294/4c92vb
775,zv7979,10.54294/zv7979,https://doi.org/10.54294/zv7979
776,3qemyz,10.54294/3qemyz,https://doi.org/10.54294/3qemyz
777,ks50of,10.54294/ks50of,https://doi.org/10.54294/ks50of
778,6dx59u,10.54294/6dx59u,https://doi.org/10.54294/6dx59u
779,z4rl5e,10.54294/z4rl5e,https://doi.org/10.54294/z4rl5e
780,sn4ute,10.54294/sn4ute,https://doi.org/10.54294/sn4ute
781,gazv60,10.54294/gazv60,https://doi.org/10.54294/gazv60
782,w1jgbp,10.54294/w1jgbp,https://doi.org/10.54294/w1jgbp
783,a8nwrq,10.54294/a8nwrq,https://doi.org/10.54294/a8nwrq
784,6f280b,10.54294/6f280b,https://doi.org/10.54294/6f280b
785,2s1roq,10.54294/2s1roq,https://doi.org/10.54294/2s1roq
786,zc4tnl,10.54294/zc4tnl,https://doi.org/10.54294/zc4tnl
787,aqxdcz,10.54294/aqxdcz,https://doi.org/10.54294/aqxdcz
788,4zc3pv,10.54294/4zc3pv,https://doi.org/10.54294/4zc3pv
789,zm2uus,10.54294/zm2uus,https://doi.org/10.54294/zm2uus
790,9rdcf2,10.54294/9rdcf2,https://doi.org/10.54294/9rdcf2
791,shbwpx,10.54294/shbwpx,https://doi.org/10.54294/shbwpx
792,1bfwts,10.54294/1bfwts,https://doi.org/10.54294/1bfwts
793,t58bxn,10.54294/t58bxn,https://doi.org/10.54294/t58bxn
794,j0ws9u,10.54294/j0ws9u,https://doi.org/10.54294/j0ws9u
796,04gcgk,10.54294/04gcgk,https://doi.org/10.54294/04gcgk
797,216g01,10.54294/216g01,https://doi.org/10.54294/216g01
798,2djpwb,10.54294/2djpwb,https://doi.org/10.54294/2djpwb
799,36t9of,10.54294/36t9of,https://doi.org/10.54294/36t9of
800,wc8du6,10.54294/wc8du6,https://doi.org/10.54294/wc8du6
801,4qgavg,10.54294/4qgavg,https://doi.org/10.54294/4qgavg
802,ozctod,10.54294/ozctod,https://doi.org/10.54294/ozctod
803,mdbmr7,10.54294/mdbmr7,https://doi.org/10.54294/mdbmr7
804,9z73p5,10.54294/9z73p5,https://doi.org/10.54294/9z73p5
805,mkt5t8,10.54294/mkt5t8,https://doi.org/10.54294/mkt5t8
808,5jerhn,10.54294/5jerhn,https://doi.org/10.54294/5jerhn
809,2dac6b,10.54294/2dac6b,https://doi.org/10.54294/2dac6b
810,3n1tqr,10.54294/3n1tqr,https://doi.org/10.54294/3n1tqr
811,efycla,10.54294/efycla,https://doi.org/10.54294/efycla
812,5in4gl,10.54294/5in4gl,https://doi.org/10.54294/5in4gl
813,a2vo7k,10.54294/a2vo7k,https://doi.org/10.54294/a2vo7k
815,b6fs4x,10.54294/b6fs4x,https://doi.org/10.54294/b6fs4x
817,3moo86,10.54294/3moo86,https://doi.org/10.54294/3moo86
818,6bbs64,10.54294/6bbs64,https://doi.org/10.54294/6bbs64
819,lo9axg,10.54294/lo9axg,https://doi.org/10.54294/lo9axg
820,ufagvn,10.54294/ufagvn,https://doi.org/10.54294/ufagvn
821,ry25uv,10.54294/ry25uv,https://doi.org/10.54294/ry25uv
822,wqtqn9,10.54294/wqtqn9,https://doi.org/10.54294/wqtqn9
823,bvhsq7,10.54294/bvhsq7,https://doi.org/10.54294/bvhsq7
824,v88ozn,10.54294/v88ozn,https://doi.org/10.54294/v88ozn
825,fge470,10.54294/fge470,https://doi.org/10.54294/fge470
826,rk0lmd,10.54294/rk0lmd,https://doi.org/10.54294/rk0lmd
827,5p7gxs,10.54294/5p7gxs,https://doi.org/10.54294/5p7gxs
828,b62c5o,10.54294/b62c5o,https://doi.org/10.54294/b62c5o
829,mj6r13,10.54294/mj6r13,https://doi.org/10.54294/mj6r13
830,7djpdw,10.54294/7djpdw,https://doi.org/10.54294/7djpdw
831,vw0ke0,10.54294/vw0ke0,https://doi.org/10.54294/vw0ke0
832,a4sqk2,10.54294/a4sqk2,https://doi.org/10.54294/a4sqk2
833,7r5vlb,10.54294/7r5vlb,https://doi.org/10.54294/7r5vlb
834,f5gzka,10.54294/f5gzka,https://doi.org/10.54294/f5gzka
835,fvjxho,10.54294/fvjxho,https://doi.org/10.54294/fvjxho
836,sqseg5,10.54294/sqseg5,https://doi.org/10.54294/sqseg5
837,v15hmp,10.54294/v15hmp,https://doi.org/10.54294/v15hmp
838,tih9wh,10.54294/tih9wh,https://doi.org/10.54294/tih9wh
839,ys4vxd,10.54294/ys4vxd,https://doi.org/10.54294/ys4vxd
840,0ybub5,10.54294/0ybub5,https://doi.org/10.54294/0ybub5
841,2clbxi,10.54294/2clbxi,https://doi.org/10.54294/2clbxi
842,9hdzwo,10.54294/9hdzwo,https://doi.org/10.54294/9hdzwo
843,vb4oi6,10.54294/vb4oi6,https://doi.org/10.54294/vb4oi6
844,yrfybh,10.54294/yrfybh,https://doi.org/10.54294/yrfybh
845,9baij3,10.54294/9baij3,https://doi.org/10.54294/9baij3
846,gcb82u,10.54294/gcb82u,https://doi.org/10.54294/gcb82u
847,u9p515,10.54294/u9p515,https://doi.org/10.54294/u9p515
848,ynt3ar,10.54294/ynt3ar,https://doi.org/10.54294/ynt3ar
849,tr49io,10.54294/tr49io,https://doi.org/10.54294/tr49io
850,6ahrby,10.54294/6ahrby,https://doi.org/10.54294/6ahrby
851,esnq73,10.54294/esnq73,https://doi.org/10.54294/esnq73
852,wdu86d,10.54294/wdu86d,https://doi.org/10.54294/wdu86d
853,0j3x9o,10.54294/0j3x9o,https://doi.org/10.54294/0j3x9o
854,5anhbs,10.54294/5anhbs,https://doi.org/10.54294/5anhbs
855,nens6m,10.54294/nens6m,https://doi.org/10.54294/nens6m
856,krucab,10.54294/krucab,https://doi.org/10.54294/krucab
857,eu7wpn,10.54294/eu7wpn,https://doi.org/10.54294/eu7wpn
858,bmksyz,10.54294/bmksyz,https://doi.org/10.54294/bmksyz
860,d0pwqi,10.54294/d0pwqi,https://doi.org/10.54294/d0pwqi
861,43fc2d,10.54294/43fc2d,https://doi.org/10.54294/43fc2d
862,plh97o,10.54294/plh97o,https://doi.org/10.54294/plh97o
863,n5h1u5,10.54294/n5h1u5,https://doi.org/10.54294/n5h1u5
864,z31lp8,10.54294/z31lp8,https://doi.org/10.54294/z31lp8
866,hsb0g8,10.54294/hsb0g8,https://doi.org/10.54294/hsb0g8
868,41fjl6,10.54294/41fjl6,https://doi.org/10.54294/41fjl6
869,8ljoaq,10.54294/8ljoaq,https://doi.org/10.54294/8ljoaq
870,m1v32y,10.54294/m1v32y,https://doi.org/10.54294/m1v32y
871,4eli51,10.54294/4eli51,https://doi.org/10.54294/4eli51
872,i36gks,10.54294/i36gks,https://doi.org/10.54294/i36gks
873,q508mc,10.54294/q508mc,https://doi.org/10.54294/q508mc
874,ihtu4s,10.54294/ihtu4s,https://doi.org/10.54294/ihtu4s
875,qffl03,10.54294/qffl03,https://doi.org/10.54294/qffl03
876,f9hilk,10.54294/f9hilk,https://doi.org/10.54294/f9hilk
877,lyf209,10.54294/lyf209,https://doi.org/10.54294/lyf209
878,loekqj,10.54294/loekqj,https://doi.org/10.54294/loekqj
879,uzvmer,10.54294/uzvmer,https://doi.org/10.54294/uzvmer
880,wbf2sx,10.54294/wbf2sx,https://doi.org/10.54294/wbf2sx
882,u7tc4j,10.54294/u7tc4j,https://doi.org/10.54294/u7tc4j
883,9lt70e,10.54294/9lt70e,https://doi.org/10.54294/9lt70e
884,j5h811,10.54294/j5h811,https://doi.org/10.54294/j5h811
885,jdl70j,10.54294/jdl70j,https://doi.org/10.54294/jdl70j
886,3akpoz,10.54294/3akpoz,https://doi.org/10.54294/3akpoz
887,5fj4z4,10.54294/5fj4z4,https://doi.org/10.54294/5fj4z4
889,xg999n,10.54294/xg999n,https://doi.org/10.54294/xg999n
890,s91axg,10.54294/s91axg,https://doi.org/10.54294/s91axg
891,4rsdcy,10.54294/4rsdcy,https://doi.org/10.54294/4rsdcy
892,2dcog6,10.54294/2dcog6,https://doi.org/10.54294/2dcog6
893,sc995o,10.54294/sc995o,https://doi.org/10.54294/sc995o
894,w1xrqr,10.54294/w1xrqr,https://doi.org/10.54294/w1xrqr
896,cpyaig,10.54294/cpyaig,https://doi.org/10.54294/cpyaig
897,orr00a,10.54294/orr00a,https://doi.org/10.54294/orr00a
898,ty4p4n,10.54294/ty4p4n,https://doi.org/10.54294/ty4p4n
899,lyqifg,10.54294/lyqifg,https://doi.org/10.54294/lyqifg
900,c31lhj,10.54294/c31lhj,https://doi.org/10.54294/c31lhj
901,1ktciq,10.54294/1ktciq,https://doi.org/10.54294/1ktciq
902,l553m2,10.54294/l553m2,https://doi.org/10.54294/l553m2
903,igzmed,10.54294/igzmed,https://doi.org/10.54294/igzmed
904,wfe27p,10.54294/wfe27p,https://doi.org/10.54294/wfe27p
905,c2mcyn,10.54294/c2mcyn,https://doi.org/10.54294/c2mcyn
906,2drgri,10.54294/2drgri,https://doi.org/10.54294/2drgri
907,ojfo7q,10.54294/ojfo7q,https://doi.org/10.54294/ojfo7q
908,azta8g,10.54294/azta8g,https://doi.org/10.54294/azta8g
909,you4rl,10.54294/you4rl,https://doi.org/10.54294/you4rl
910,fefo4q,10.54294/fefo4q,https://doi.org/10.54294/fefo4q
911,62rn24,10.54294/62rn24,https://doi.org/10.54294/62rn24
912,p39qox,10.54294/p39qox,https://doi.org/10.54294/p39qox
913,7rr2te,10.54294/7rr2te,https://doi.org/10.54294/7rr2te
914,biy791,10.54294/biy791,https://doi.org/10.54294/biy791
915,e5lmyz,10.54294/e5lmyz,https://doi.org/10.54294/e5lmyz
916,o9nv4l,10.54294/o9nv4l,https://doi.org/10.54294/o9nv4l
917,ts6kgm,10.54294/ts6kgm,https://doi.org/10.54294/ts6kgm
918,ng84hp,10.54294/ng84hp,https://doi.org/10.54294/ng84hp
919,huq7eh,10.54294/huq7eh,https://doi.org/10.54294/huq7eh
920,299vo7,10.54294/299vo7,https://doi.org/10.54294/299vo7
921,2jpext,10.54294/2jpext,https://doi.org/10.54294/2jpext
923,a3drh5,10.54294/a3drh5,https://doi.org/10.54294/a3drh5
924,g1cjuu,10.54294/g1cjuu,https://doi.org/10.54294/g1cjuu
925,vkfz56,10.54294/vkfz56,https://doi.org/10.54294/vkfz56
926,j78w0v,10.54294/j78w0v,https://doi.org/10.54294/j78w0v
927,1xf2id,10.54294/1xf2id,https://doi.org/10.54294/1xf2id
929,fi9kgd,10.54294/fi9kgd,https://doi.org/10.54294/fi9kgd
930,tw8mro,10.54294/tw8mro,https://doi.org/10.54294/tw8mro
931,wu2mi1,10.54294/wu2mi1,https://doi.org/10.54294/wu2mi1
932,y9qm6j,10.54294/y9qm6j,https://doi.org/10.54294/y9qm6j
933,abyw31,10.54294/abyw31,https://doi.org/10.54294/abyw31
934,x56vmc,10.54294/x56vmc,https://doi.org/10.54294/x56vmc
935,cnimu5,10.54294/cnimu5,https://doi.org/10.54294/cnimu5
936,y53rnw,10.54294/y53rnw,https://doi.org/10.54294/y53rnw
937,eh1r6m,10.54294/eh1r6m,https://doi.org/10.54294/eh1r6m
938,lgcmkl,10.54294/lgcmkl,https://doi.org/10.54294/lgcmkl
939,9f7b6t,10.54294/9f7b6t,https://doi.org/10.54294/9f7b6t
941,dvymg8,10.54294/dvymg8,https://doi.org/10.54294/dvymg8
942,ogxfcu,10.54294/ogxfcu,https://doi.org/10.54294/ogxfcu
945,s1avu6,10.54294/s1avu6,https://doi.org/10.54294/s1avu6
946,ovdkd4,10.54294/ovdkd4,https://doi.org/10.54294/ovdkd4
947,i2w39x,10.54294/i2w39x,https://doi.org/10.54294/i2w39x
948,enun8h,10.54294/enun8h,https://doi.org/10.54294/enun8h
949,ojq4ds,10.54294/ojq4ds,https://doi.org/10.54294/ojq4ds
950,nr6iii,10.54294/nr6iii,https://doi.org/10.54294/nr6iii
953,en3833,10.54294/en3833,https://doi.org/10.54294/en3833
954,9dmwyf,10.54294/9dmwyf,https://doi.org/10.54294/9dmwyf
955,9i9iiw,10.54294/9i9iiw,https://doi.org/10.54294/9i9iiw
956,zebu4m,10.54294/zebu4m,https://doi.org/10.54294/zebu4m
957,lskxqm,10.54294/lskxqm,https://doi.org/10.54294/lskxqm
958,6ee3uw,10.54294/6ee3uw,https://doi.org/10.54294/6ee3uw
959,2rc65m,10.54294/2rc65m,https://doi.org/10.54294/2rc65m
960,jagm64,10.54294/jagm64,https://doi.org/10.54294/jagm64
961,hiu7t7,10.54294/hiu7t7,https://doi.org/10.54294/hiu7t7
962,72cwj0,10.54294/72cwj0,https://doi.org/10.54294/72cwj0
963,ot81t5,10.54294/ot81t5,https://doi.org/10.54294/ot81t5
964,hk5bjs,10.54294/hk5bjs,https://doi.org/10.54294/hk5bjs
965,pbx1zn,10.54294/pbx1zn,https://doi.org/10.54294/pbx1zn
966,vi7hg9,10.54294/vi7hg9,https://doi.org/10.54294/vi7hg9
967,e86siq,10.54294/e86siq,https://doi.org/10.54294/e86siq
968,kmcunc,10.54294/kmcunc,https://doi.org/10.54294/kmcunc
969,ugr924,10.54294/ugr924,https://doi.org/10.54294/ugr924
970,tfv8r0,10.54294/tfv8r0,https://doi.org/10.54294/tfv8r0
971,n4k16a,10.54294/n4k16a,https://doi.org/10.54294/n4k16a
972,9feae9,10.54294/9feae9,https://doi.org/10.54294/9feae9
973,slmdb3,10.54294/slmdb3,https://doi.org/10.54294/slmdb3
974,mq1gt4,10.54294/mq1gt4,https://doi.org/10.54294/mq1gt4
975,2aeqx3,10.54294/2aeqx3,https://doi.org/10.54294/2aeqx3
976,p1uxjq,10.54294/p1uxjq,https://doi.org/10.54294/p1uxjq
977,achtrg,10.54294/achtrg,https://doi.org/10.54294/achtrg
978,t82x76,10.54294/t82x76,https://doi.org/10.54294/t82x76
979,9f5wt3,10.54294/9f5wt3,https://doi.org/10.54294/9f5wt3
980,6sz775,10.54294/6sz775,https://doi.org/10.54294/6sz775
981,evr01z,10.54294/evr01z,https://doi.org/10.54294/evr01z
982,ywuouh,10.54294/ywuouh,https://doi.org/10.54294/ywuouh
983,8kqwf2,10.54294/8kqwf2,https://doi.org/10.54294/8kqwf2
984,1wtpo8,10.54294/1wtpo8,https://doi.org/10.54294/1wtpo8
985,qy48ty,10.54294/qy48ty,https://doi.org/10.54294/qy48ty
987,73dn1l,10.54294/73dn1l,https://doi.org/10.54294/73dn1l
988,vctqy4,10.54294/vctqy4,https://doi.org/10.54294/vctqy4
989,8hic7f,10.54294/8hic7f,https://doi.org/10.54294/8hic7f
990,gsd7s9,10.54294/gsd7s9,https://doi.org/10.54294/gsd7s9
991,sqeqvp,10.54294/sqeqvp,https://doi.org/10.54294/sqeqvp
992,0wyk2e,10.54294/0wyk2e,https://doi.org/10.54294/0wyk2e
